UDI,Product ID,Type,Air temperature [K],Process temperature [K],Rotational speed [rpm],Torque [Nm],Tool wear [min],Machine failure,TWF,HDF,PWF,OSF,RNF
1,M14860,M,301,327,1676,40.39,21,0,0,0,0,0,0
2,L47181,L,314,322,1540,36.45,73,0,0,0,0,0,0
3,L47182,L,309,339,1674,40.09,230,0,0,0,0,0,0
4,L47183,L,305,319,1689,34.13,180,0,0,0,0,0,0
5,L47184,L,302,329,1451,34.59,206,0,0,0,0,0,0
6,M14865,M,315,332,1426,41.83,206,1,0,0,0,0,0
7,L47186,L,301,314,1556,36.7,131,0,0,0,0,0,0
8,L47187,L,320,321,1638,41.98,223,0,0,0,0,0,0
9,M14868,M,313,326,1555,42.34,22,0,0,0,0,0,0
10,M14869,M,317,330,1690,42.86,118,0,0,0,0,0,0
11,H29424,H,305,329,1535,43.75,69,0,0,0,0,0,0
12,H29425,H,305,321,1543,36.46,215,0,0,0,0,0,0
13,M14872,M,318,317,1505,34.78,83,0,0,0,0,0,0
14,M14873,M,315,324,1557,38.73,249,1,0,0,0,0,0
15,L47194,L,298,329,1545,35.57,100,0,0,0,0,0,0
16,L47195,L,302,308,1401,39.02,83,0,0,0,0,0,0
17,M14876,M,318,314,1476,40.58,203,0,0,0,0,0,0
18,M14877,M,297,307,1531,40.33,160,0,0,0,0,0,0
19,H29432,H,316,322,1489,35.62,27,0,0,0,0,0,0
20,M14879,M,315,340,1662,32.5,135,0,0,0,0,0,0
21,H29434,H,296,326,1507,36.46,0,0,0,0,0,0,0
22,L47201,L,318,338,1473,32.14,164,0,0,0,0,0,0
23,M14882,M,306,312,1438,43.35,62,0,0,0,0,0,0
24,L47203,L,300,323,1558,35.19,21,0,0,0,0,0,0
25,M14884,M,296,310,1470,32.32,69,0,0,0,0,0,0
26,L47205,L,315,330,1640,30.38,124,0,0,0,0,0,0
27,L47206,L,295,338,1697,39.69,148,0,0,0,0,0,0
28,H29441,H,306,310,1435,39.55,95,1,0,0,0,0,0
29,L47208,L,320,337,1483,35.11,162,1,0,0,0,0,0
30,L47209,L,316,326,1662,31.08,78,0,0,0,0,0,0
31,M14890,M,306,325,1571,36.14,4,0,0,0,0,0,0
32,L47211,L,319,310,1572,34.67,59,0,0,0,0,0,0
33,L47212,L,311,310,1446,40.16,119,1,0,0,0,0,0
34,L47213,L,304,308,1540,39.09,45,0,0,0,0,0,0
35,M14894,M,310,334,1517,35.47,177,0,0,0,0,0,0
36,M14895,M,309,315,1676,33.27,175,0,0,0,0,0,0
37,M14896,M,309,334,1613,44.82,133,0,0,0,0,0,0
38,L47217,L,313,335,1619,36.81,216,0,0,0,0,0,0
39,H29452,H,306,328,1425,40.32,55,0,0,0,0,0,0
40,L47219,L,317,313,1408,32.11,109,0,0,0,0,0,0
41,L47220,L,314,307,1670,37.28,186,1,0,0,0,0,0
42,L47221,L,319,335,1409,30.41,247,0,0,0,0,0,0
43,M14902,M,297,340,1520,37.58,231,1,0,0,0,0,0
44,H29457,H,299,328,1524,44.46,156,0,0,0,0,0,0
45,M14904,M,313,335,1569,35.76,198,0,0,0,0,0,0
46,L47225,L,301,310,1471,30.58,103,0,0,0,0,0,0
47,M14906,M,315,306,1551,30.46,76,0,0,0,0,0,0
48,L47227,L,303,324,1607,35.82,229,0,0,0,0,0,0
49,H29462,H,301,332,1448,32.4,145,1,0,0,0,0,0
50,M14909,M,312,315,1553,30.35,1,0,0,0,0,0,0
51,L47230,L,298,308,1692,41.34,7,0,0,0,1,0,0
52,L47231,L,319,319,1467,36.88,74,0,0,0,0,0,0
53,H29466,H,308,310,1449,34.34,224,0,0,0,0,0,0
54,L47233,L,312,334,1551,43.5,181,1,0,0,0,0,0
55,L47234,L,320,306,1418,31.74,124,1,0,0,0,0,0
56,L47235,L,303,319,1499,44.34,37,1,0,0,0,0,0
57,L47236,L,320,315,1459,34.71,175,0,0,0,0,0,0
58,L47237,L,315,312,1566,43.33,26,0,0,0,0,0,0
59,M14918,M,296,330,1601,39.04,19,0,0,0,0,0,0
60,L47239,L,314,309,1545,42.4,139,1,0,0,0,0,0
61,L47240,L,309,310,1563,44.76,42,0,0,0,0,0,0
62,M14921,M,301,330,1641,34.33,188,1,0,0,0,0,0
63,L47242,L,306,308,1468,44.42,30,1,0,0,0,0,0
64,M14923,M,302,323,1574,35.84,90,0,0,0,0,0,0
65,L47244,L,309,324,1448,35.78,223,0,0,0,0,0,0
66,L47245,L,297,337,1507,35.11,60,1,0,0,0,0,0
67,M14926,M,308,324,1625,38.12,201,1,0,0,0,0,0
68,H29481,H,311,316,1560,32.31,194,1,0,0,0,0,0
69,L47248,L,298,305,1518,38.31,108,0,0,0,0,0,0
70,L47249,L,312,330,1548,38.13,90,0,0,0,1,1,0
71,M14930,M,302,318,1549,41.43,162,1,0,0,0,0,0
72,L47251,L,298,315,1692,42.5,94,0,0,0,0,0,0
73,L47252,L,296,340,1542,36.61,142,0,0,0,0,0,0
74,L47253,L,300,317,1559,34.53,143,0,0,0,0,0,0
75,L47254,L,316,307,1410,33.89,12,0,0,0,0,0,0
76,L47255,L,304,337,1537,32.92,112,1,0,0,0,0,0
77,L47256,L,298,310,1477,30.86,34,1,0,0,0,0,0
78,L47257,L,316,314,1476,35.14,243,0,1,0,0,0,0
79,L47258,L,312,309,1653,34.05,202,0,0,0,0,0,0
80,L47259,L,320,327,1657,44.5,186,1,0,0,0,0,0
81,H29494,H,306,314,1690,38.37,148,0,0,0,0,0,0
82,L47261,L,296,306,1662,35.21,242,1,0,0,0,0,0
83,L47262,L,304,317,1484,38.71,181,0,0,0,0,0,0
84,L47263,L,298,306,1545,32.09,202,0,0,0,0,0,0
85,L47264,L,308,324,1441,36.66,157,1,0,0,0,0,0
86,M14945,M,310,305,1524,39.39,47,0,0,0,0,0,0
87,H29500,H,309,313,1566,37.33,244,0,0,0,0,0,0
88,L47267,L,302,321,1640,36.03,34,0,0,0,0,0,0
89,M14948,M,308,313,1679,44.91,85,0,0,0,0,0,0
90,M14949,M,317,315,1587,43.2,165,0,0,0,0,0,0
91,L47270,L,319,319,1418,39.35,158,0,0,0,0,0,0
92,L47271,L,302,328,1467,38.54,205,1,0,0,0,0,0
93,M14952,M,315,339,1617,39.31,151,0,0,0,0,0,0
94,L47273,L,310,334,1501,33.02,113,0,0,0,0,0,0
95,L47274,L,307,335,1441,35.93,176,0,0,0,0,0,0
96,M14955,M,312,309,1687,30.59,223,1,0,0,0,0,0
97,M14956,M,309,318,1566,37.13,99,0,0,0,0,0,0
98,M14957,M,315,315,1508,38.15,159,0,0,0,0,0,0
99,L47278,L,318,313,1435,33.42,182,0,0,0,0,0,0
100,L47279,L,320,338,1631,44.46,206,1,0,0,0,0,0
101,L47280,L,319,316,1628,43.64,234,1,0,0,0,0,0
102,L47281,L,307,339,1563,40.83,185,0,0,0,0,0,0
103,L47282,L,303,339,1472,38,98,0,0,0,0,0,0
104,M14963,M,309,305,1535,43.05,2,1,0,0,0,0,0
105,L47284,L,307,326,1469,31.96,207,1,0,0,0,0,0
106,L47285,L,295,333,1595,41.86,196,1,0,0,0,0,0
107,L47286,L,319,312,1668,31.87,84,0,0,0,0,0,0
108,M14967,M,301,315,1448,41.91,124,1,0,0,0,0,0
109,H29522,H,303,318,1529,34.14,137,0,0,0,0,0,0
110,L47289,L,318,334,1404,43.16,82,0,0,0,0,0,0
111,L47290,L,295,339,1426,44.16,24,1,0,0,0,0,0
112,H29525,H,306,325,1559,32.23,67,0,0,0,0,0,0
113,M14972,M,302,309,1548,36.94,60,0,0,0,0,0,0
114,M14973,M,318,323,1663,44.71,28,0,0,0,0,0,0
115,L47294,L,305,318,1629,37.25,126,0,0,0,0,0,0
116,L47295,L,313,330,1599,42.95,18,0,0,0,0,0,0
117,L47296,L,311,308,1449,38.83,170,1,0,0,0,0,0
118,L47297,L,302,329,1466,35.63,193,0,0,0,0,0,0
119,M14978,M,297,329,1699,34.29,73,0,0,0,0,0,0
120,L47299,L,297,322,1457,33.05,60,0,0,0,0,0,0
121,L47300,L,295,312,1658,41.43,170,1,0,0,0,0,0
122,L47301,L,299,318,1529,35.8,152,0,0,0,0,0,0
123,L47302,L,304,336,1614,37.67,19,1,0,0,0,0,0
124,L47303,L,301,337,1571,37.38,47,0,0,0,0,0,0
125,L47304,L,320,327,1657,38.66,210,0,0,0,0,0,0
126,L47305,L,303,319,1501,42.98,86,0,0,0,0,0,0
127,L47306,L,301,337,1608,44.71,151,1,0,0,0,0,0
128,L47307,L,303,329,1690,36.11,138,0,0,0,0,0,0
129,L47308,L,302,321,1685,42.41,109,0,0,0,0,0,0
130,L47309,L,306,337,1515,41.47,225,1,0,0,0,0,0
131,L47310,L,296,306,1663,38.6,182,1,0,0,0,0,0
132,L47311,L,295,318,1549,44.34,27,0,0,0,0,0,0
133,M14992,M,310,310,1699,33.01,196,1,0,0,0,0,0
134,M14993,M,317,310,1435,31.64,190,0,0,0,0,0,0
135,L47314,L,317,307,1686,42.81,58,0,0,0,0,0,0
136,M14995,M,318,311,1607,36.59,132,0,0,0,0,0,0
137,H29550,H,299,312,1505,42.7,50,0,0,0,0,0,0
138,L47317,L,297,319,1557,43.4,148,0,0,0,0,0,0
139,H29552,H,306,333,1520,30.94,11,1,0,0,0,0,0
140,L47319,L,302,337,1454,43.25,49,1,0,0,0,0,0
141,L47320,L,316,334,1411,36.72,131,0,0,0,0,0,0
142,L47321,L,297,331,1544,37.66,245,0,0,0,0,0,0
143,M15002,M,295,340,1535,39.4,112,0,0,0,0,0,0
144,H29557,H,297,333,1402,43.9,169,1,0,0,0,0,0
145,M15004,M,299,337,1543,30.29,211,1,0,0,0,0,0
146,L47325,L,309,331,1429,37.15,165,0,0,0,0,0,0
147,H29560,H,308,337,1636,40.32,152,1,0,0,0,0,0
148,L47327,L,297,308,1678,40.84,13,0,0,0,0,0,0
149,M15008,M,295,326,1514,40.39,202,1,0,0,0,0,0
150,L47329,L,299,306,1503,32.02,31,0,0,0,0,0,0
151,L47330,L,320,314,1517,34.49,138,0,0,0,0,0,0
152,M15011,M,317,309,1404,35.38,188,1,0,0,0,0,0
153,M15012,M,308,314,1647,42.07,145,0,0,0,0,0,0
154,L47333,L,301,337,1520,34.18,154,0,0,0,0,0,0
155,L47334,L,303,317,1685,33.16,54,0,0,0,0,0,0
156,H29569,H,309,335,1548,44.36,181,1,0,0,0,0,0
157,M15016,M,309,340,1483,30.13,209,1,0,0,0,0,0
158,H29571,H,320,328,1630,44.97,119,0,0,0,0,0,0
159,M15018,M,304,319,1687,40.15,214,1,0,0,0,0,0
160,L47339,L,307,333,1560,42.43,74,1,0,0,0,0,0
161,L47340,L,313,312,1671,34.42,20,0,0,0,0,1,0
162,L47341,L,301,309,1437,30.21,171,0,0,0,0,1,0
163,L47342,L,311,333,1625,41.07,132,1,0,0,0,0,0
164,M15023,M,314,308,1541,42.51,86,0,0,0,0,0,0
165,M15024,M,298,316,1691,41.11,168,0,0,0,0,0,0
166,L47345,L,299,306,1550,32.14,58,0,0,0,0,0,0
167,H29580,H,317,331,1513,41.3,88,1,0,0,0,0,0
168,H29581,H,301,335,1636,41.53,232,0,0,0,0,0,0
169,L47348,L,307,340,1465,39.88,181,1,0,0,1,0,0
170,L47349,L,309,340,1657,41.49,201,0,0,0,0,0,0
171,M15030,M,305,330,1648,42.69,149,0,0,0,0,0,0
172,L47351,L,298,331,1579,39.2,82,0,0,0,0,0,0
173,M15032,M,307,309,1589,31.33,64,0,0,0,0,0,0
174,M15033,M,301,324,1553,37.31,63,0,0,0,0,0,0
175,L47354,L,313,315,1595,31.16,70,0,0,0,0,0,0
176,L47355,L,316,314,1661,36.11,3,0,0,0,0,0,0
177,L47356,L,296,310,1542,36.11,192,0,0,0,0,0,0
178,L47357,L,304,312,1500,30.99,142,0,0,0,0,0,0
179,L47358,L,307,327,1643,35.23,103,0,0,0,0,0,0
180,L47359,L,319,330,1411,31.66,203,0,0,0,0,0,0
181,L47360,L,315,316,1638,42.12,149,0,0,0,0,0,0
182,H29595,H,300,330,1448,44.22,213,0,0,0,0,0,0
183,M15042,M,306,317,1441,31.08,241,1,0,0,0,0,0
184,L47363,L,306,322,1565,44.33,174,1,0,0,0,0,0
185,L47364,L,314,329,1481,37.84,208,0,0,0,0,0,0
186,L47365,L,305,337,1690,34.49,92,0,0,0,0,0,0
187,L47366,L,320,316,1557,31.15,173,0,0,0,0,0,0
188,L47367,L,317,340,1615,37.51,141,0,0,0,0,0,0
189,L47368,L,319,308,1557,41.92,177,0,0,0,0,0,0
190,M15049,M,301,309,1533,40.61,147,0,0,0,0,0,0
191,L47370,L,295,312,1466,30.75,177,0,0,0,0,0,0
192,L47371,L,295,332,1406,31.09,111,0,0,0,0,0,0
193,H29606,H,319,335,1413,36.04,160,0,0,0,0,0,0
194,H29607,H,319,313,1472,34.43,118,0,0,0,0,0,0
195,M15054,M,314,333,1562,33.49,58,1,0,0,1,0,0
196,L47375,L,307,318,1465,34.22,42,0,0,0,0,0,0
197,H29610,H,303,326,1529,42.05,206,1,0,0,0,0,0
198,M15057,M,297,315,1605,43.94,11,0,0,0,0,0,0
199,L47378,L,301,327,1675,36.08,39,0,0,0,0,0,0
200,L47379,L,300,305,1655,43.59,117,0,0,0,0,0,0
201,L47380,L,302,325,1665,34.82,19,0,0,0,0,0,0
202,L47381,L,303,330,1424,37.15,221,1,0,0,0,0,0
203,M15062,M,299,340,1680,33.39,165,1,0,0,0,0,0
204,L47383,L,295,327,1652,39.61,130,0,0,0,0,0,0
205,L47384,L,313,305,1688,44.68,155,0,0,0,0,0,0
206,M15065,M,304,319,1563,39.05,183,0,0,0,0,0,0
207,L47386,L,306,325,1494,35.37,89,1,0,0,0,0,0
208,M15067,M,318,313,1669,39.72,93,0,0,0,1,0,0
209,L47388,L,309,313,1509,31.84,12,0,0,0,0,0,0
210,L47389,L,316,314,1637,43.33,204,1,0,0,0,0,0
211,L47390,L,318,330,1424,37.55,65,0,0,0,0,0,0
212,L47391,L,303,339,1540,36.74,36,0,0,0,0,0,0
213,H29626,H,314,329,1516,38.79,176,0,0,0,0,0,0
214,L47393,L,311,330,1424,39.37,229,1,0,0,0,0,0
215,M15074,M,311,315,1478,31.08,65,1,0,0,0,0,0
216,L47395,L,320,306,1467,40.24,35,1,0,0,0,0,0
217,L47396,L,314,311,1572,33.63,181,1,0,0,0,0,0
218,L47397,L,306,322,1411,40.71,25,0,0,0,0,0,0
219,L47398,L,301,331,1687,42.34,74,1,0,0,0,0,0
220,M15079,M,296,338,1527,42.06,199,1,0,0,0,0,0
221,L47400,L,297,331,1495,38.29,107,1,0,0,0,0,0
222,H29635,H,311,321,1491,37.8,167,0,0,0,0,0,0
223,L47402,L,299,328,1540,32.14,42,0,0,0,0,0,0
224,L47403,L,311,329,1430,41.63,149,0,0,0,0,0,0
225,L47404,L,318,311,1419,34.07,147,1,0,0,0,0,0
226,L47405,L,311,310,1545,37.45,7,0,0,0,0,0,0
227,L47406,L,311,328,1559,34.26,28,0,0,0,0,0,0
228,L47407,L,296,337,1442,32.01,39,0,0,0,0,0,0
229,M15088,M,296,333,1653,39.44,217,1,0,0,0,0,0
230,L47409,L,316,326,1529,30.81,157,0,0,0,0,0,0
231,L47410,L,317,330,1459,41.23,208,1,0,0,0,0,0
232,L47411,L,299,332,1550,34.76,127,0,0,0,0,0,0
233,L47412,L,295,325,1686,30,83,0,0,0,0,0,0
234,L47413,L,295,311,1404,37.67,115,0,0,0,0,0,0
235,L47414,L,313,321,1665,30.7,182,0,0,0,0,0,0
236,M15095,M,296,324,1529,34.14,143,0,0,0,0,0,0
237,L47416,L,315,324,1666,40.6,173,0,0,0,0,0,0
238,M15097,M,306,326,1577,30.94,61,0,0,0,0,0,0
239,L47418,L,320,332,1652,42.59,234,1,0,0,0,0,0
240,L47419,L,300,311,1455,30.06,6,0,0,0,0,0,0
241,M15100,M,317,305,1482,33.7,207,0,0,0,0,0,0
242,L47421,L,298,336,1498,41.11,44,0,0,0,0,0,0
243,L47422,L,317,317,1548,34.74,186,0,0,0,0,1,0
244,L47423,L,305,334,1555,31.53,238,0,0,0,0,0,0
245,M15104,M,318,327,1589,35.4,183,0,0,0,0,0,0
246,M15105,M,311,323,1662,34.06,175,0,0,0,0,0,0
247,L47426,L,300,336,1479,42.64,154,1,0,0,0,0,0
248,L47427,L,318,334,1651,34.7,180,1,0,0,0,0,0
249,L47428,L,299,333,1496,41.83,214,1,0,0,0,1,0
250,L47429,L,314,333,1659,43.38,87,0,0,0,0,1,0
251,L47430,L,296,334,1659,36.51,72,0,0,0,0,0,0
252,M15111,M,300,320,1502,43.65,162,0,0,0,0,0,0
253,L47432,L,316,323,1439,35.66,178,1,0,0,0,0,0
254,L47433,L,305,322,1672,44.46,211,0,0,0,0,0,0
255,L47434,L,310,305,1500,31.34,36,0,0,0,0,0,0
256,L47435,L,310,318,1620,40.31,233,0,0,0,0,0,0
257,L47436,L,295,306,1523,37.41,208,0,0,0,0,0,0
258,L47437,L,303,332,1630,35.81,238,1,0,0,0,0,0
259,L47438,L,300,334,1577,39.49,222,1,0,0,0,0,0
260,M15119,M,310,308,1462,40.56,118,1,0,0,1,0,0
261,M15120,M,297,305,1515,30.07,56,0,0,0,0,0,0
262,L47441,L,314,312,1590,32.5,7,0,0,0,0,0,0
263,M15122,M,298,333,1461,40.7,206,1,0,0,0,0,0
264,M15123,M,313,307,1655,40,94,0,0,0,0,0,0
265,L47444,L,320,336,1406,44.49,116,1,0,0,0,0,0
266,L47445,L,297,314,1554,41.42,221,0,0,0,0,0,0
267,H29680,H,313,314,1491,44.26,109,0,0,0,0,0,0
268,L47447,L,314,323,1413,40.54,19,1,0,0,0,0,0
269,H29682,H,301,338,1628,34.47,123,1,0,0,0,0,0
270,L47449,L,314,337,1485,31.58,230,1,0,0,0,0,0
271,H29684,H,303,327,1532,41.73,52,0,0,0,0,0,0
272,M15131,M,295,332,1582,39.66,118,1,0,0,0,0,0
273,L47452,L,302,336,1461,30.72,11,1,0,0,0,0,0
274,L47453,L,301,311,1618,35.4,176,0,0,0,0,0,0
275,L47454,L,312,333,1645,44.35,16,0,0,0,0,0,0
276,L47455,L,302,312,1629,37.51,63,0,0,0,0,0,0
277,M15136,M,295,305,1478,36.49,41,0,0,0,0,0,0
278,H29691,H,305,307,1548,36.87,93,0,0,0,0,0,0
279,M15138,M,319,328,1537,33.13,156,0,0,0,0,0,0
280,L47459,L,319,327,1464,35.53,146,0,0,0,0,0,0
281,M15140,M,312,312,1412,35.55,237,1,0,0,0,0,0
282,L47461,L,317,307,1612,30.79,10,0,0,0,0,0,0
283,M15142,M,304,337,1641,41.51,97,1,0,0,0,0,0
284,L47463,L,297,332,1612,36.25,177,1,0,0,0,0,0
285,L47464,L,301,312,1580,42.33,70,1,0,0,0,0,0
286,L47465,L,310,338,1572,42.76,107,1,0,0,0,0,0
287,L47466,L,320,339,1559,33.18,57,1,0,0,0,0,0
288,L47467,L,310,336,1563,39.86,33,1,0,0,0,0,0
289,H29702,H,319,328,1587,37.08,250,0,0,0,0,0,0
290,L47469,L,314,318,1590,43.2,19,0,0,0,0,0,0
291,L47470,L,311,336,1655,33.24,49,0,0,0,0,0,0
292,L47471,L,296,320,1582,40.17,101,0,0,0,0,0,0
293,L47472,L,295,308,1516,39.12,215,0,0,0,0,0,0
294,H29707,H,310,325,1681,34.43,137,0,0,0,0,0,0
295,M15154,M,306,318,1595,32.05,159,0,0,0,0,0,0
296,M15155,M,299,335,1433,39.77,51,1,0,0,0,0,0
297,L47476,L,299,322,1451,41.08,14,1,0,0,0,0,0
298,L47477,L,317,311,1511,34.73,228,0,0,0,0,0,0
299,H29712,H,303,314,1651,39.67,83,0,0,0,0,0,0
300,M15159,M,303,311,1481,35.93,130,0,0,0,0,0,0
301,L47480,L,297,337,1631,40.7,36,1,0,0,0,0,0
302,L47481,L,313,327,1626,32.99,125,0,0,0,0,0,0
303,H29716,H,310,325,1632,43.35,248,0,0,0,0,0,0
304,M15163,M,310,323,1620,34.31,39,0,0,0,0,0,0
305,L47484,L,297,323,1441,35.52,71,0,0,0,0,0,0
306,L47485,L,314,340,1420,30.87,39,0,0,0,0,0,0
307,L47486,L,318,333,1441,31.67,235,1,0,0,0,0,0
308,M15167,M,316,322,1512,37.74,55,0,0,0,0,0,0
309,L47488,L,318,306,1504,34.01,150,0,0,0,0,0,0
310,M15169,M,295,305,1591,42.53,103,0,0,0,0,0,0
311,H29724,H,318,309,1416,30.22,138,0,0,0,0,0,0
312,M15171,M,314,324,1519,35.69,109,0,0,0,0,0,0
313,L47492,L,305,315,1528,35.06,191,1,0,0,0,0,0
314,L47493,L,311,306,1529,30.29,135,0,0,0,0,0,0
315,M15174,M,302,307,1459,31.87,92,0,0,0,0,0,0
316,L47495,L,298,327,1447,36.2,93,0,0,0,0,0,0
317,L47496,L,300,316,1428,37.39,55,0,0,0,0,0,0
318,L47497,L,302,324,1496,36.06,59,0,0,0,0,0,0
319,L47498,L,314,309,1409,37.96,137,1,0,0,0,0,0
320,L47499,L,297,334,1641,38.93,38,1,0,0,0,0,0
321,H29734,H,310,313,1631,30.15,27,0,0,0,0,0,0
322,L47501,L,319,338,1676,36.96,48,1,0,0,0,0,0
323,L47502,L,297,339,1683,44.45,163,1,0,0,0,0,0
324,L47503,L,319,326,1602,37.79,124,0,0,0,0,0,0
325,M15184,M,312,328,1646,40.16,12,0,0,0,0,0,0
326,L47505,L,308,321,1689,34.68,223,1,0,0,0,0,0
327,L47506,L,312,314,1663,41.61,35,1,0,0,0,0,0
328,L47507,L,296,334,1613,41.59,100,1,0,0,0,1,0
329,H29742,H,316,327,1599,37.82,25,0,0,0,0,0,0
330,H29743,H,297,336,1478,44.64,85,1,0,0,0,0,0
331,M15190,M,310,321,1572,31.88,3,0,0,0,0,0,0
332,M15191,M,303,321,1468,30.25,222,0,0,0,0,0,0
333,M15192,M,298,318,1486,41.55,81,0,0,0,0,0,0
334,L47513,L,295,313,1500,42.11,191,1,0,0,0,0,0
335,M15194,M,298,306,1407,31.8,165,0,0,0,0,0,0
336,L47515,L,295,329,1599,33.98,126,0,0,0,0,0,0
337,M15196,M,308,313,1486,30.26,87,0,0,0,0,0,0
338,L47517,L,315,326,1442,34.4,126,0,0,0,0,0,0
339,L47518,L,310,308,1508,41.6,119,0,0,0,0,0,0
340,M15199,M,314,330,1551,37.77,214,0,0,0,0,0,0
341,L47520,L,318,333,1416,35.22,21,0,0,0,0,0,0
342,M15201,M,302,338,1532,35.58,129,0,0,0,0,0,0
343,L47522,L,301,327,1547,30.02,30,0,0,0,0,0,0
344,L47523,L,297,315,1676,34.5,118,0,0,0,0,0,0
345,M15204,M,311,310,1631,39.7,10,0,0,0,0,0,0
346,L47525,L,295,322,1627,44.61,219,1,0,0,0,0,0
347,M15206,M,310,325,1538,42.71,45,1,0,0,0,0,0
348,L47527,L,306,340,1610,30.35,95,0,0,0,0,0,0
349,L47528,L,313,338,1427,43.48,189,1,0,0,0,0,0
350,L47529,L,316,321,1450,41.75,196,1,0,0,0,0,0
351,H29764,H,317,329,1660,41.71,191,0,0,0,0,0,0
352,M15211,M,316,316,1660,36.87,229,1,0,0,0,0,0
353,M15212,M,308,327,1407,35.97,9,0,0,0,0,0,0
354,H29767,H,300,326,1537,34.54,167,0,0,0,0,0,0
355,L47534,L,300,325,1437,30.99,127,0,0,0,0,0,0
356,L47535,L,307,331,1510,33.42,237,0,0,0,0,0,0
357,M15216,M,313,335,1619,33.7,151,0,0,0,0,0,0
358,L47537,L,316,310,1622,37.26,98,0,0,0,0,0,0
359,M15218,M,302,331,1535,41.21,171,1,0,0,0,0,0
360,M15219,M,296,338,1655,37.11,111,0,0,0,0,0,0
361,M15220,M,315,316,1448,30.87,59,0,0,0,0,0,0
362,L47541,L,295,311,1691,44.37,189,1,0,0,0,0,0
363,H29776,H,309,314,1477,44.14,86,0,0,0,0,0,0
364,L47543,L,295,321,1504,41.78,144,0,0,0,0,0,0
365,L47544,L,299,330,1568,44.87,64,1,0,0,0,0,0
366,L47545,L,310,325,1616,38.17,246,0,0,0,0,0,0
367,M15226,M,313,332,1518,44.44,222,0,0,0,0,0,0
368,M15227,M,298,306,1589,31.13,222,0,0,0,0,0,0
369,L47548,L,297,305,1654,35.49,233,1,0,0,0,0,0
370,H29783,H,311,340,1665,33.38,56,0,0,0,0,0,0
371,M15230,M,311,330,1548,32.94,182,0,0,0,0,0,0
372,L47551,L,306,333,1563,32.11,105,1,0,0,0,0,0
373,M15232,M,308,325,1539,39.34,180,0,0,0,0,0,0
374,L47553,L,315,315,1657,41.72,183,0,0,0,0,0,0
375,L47554,L,300,315,1668,38.67,225,0,0,0,0,0,0
376,L47555,L,297,340,1580,32.2,8,0,0,0,0,0,0
377,M15236,M,303,339,1559,42.17,21,1,0,0,0,0,0
378,M15237,M,299,338,1687,39.54,140,1,0,0,0,0,0
379,L47558,L,318,328,1687,35.82,88,0,0,0,0,0,0
380,L47559,L,311,326,1625,40.11,175,0,0,0,0,0,0
381,L47560,L,308,309,1410,33.9,17,0,0,0,1,0,0
382,L47561,L,315,337,1409,35.18,114,0,0,0,0,0,0
383,L47562,L,297,340,1670,43.76,203,1,0,0,0,0,0
384,M15243,M,295,324,1672,34.36,167,0,0,0,0,0,0
385,L47564,L,314,323,1582,37.05,144,0,0,0,0,0,0
386,M15245,M,315,339,1552,43.35,142,0,0,0,0,0,0
387,L47566,L,317,321,1523,40.62,105,0,0,0,0,0,0
388,L47567,L,295,338,1513,30.93,14,0,0,0,0,0,0
389,L47568,L,297,313,1677,32.21,206,0,0,0,0,0,0
390,M15249,M,312,330,1612,30.12,62,0,0,0,0,0,0
391,L47570,L,319,306,1571,39.46,246,0,0,0,0,0,0
392,L47571,L,304,313,1687,36.72,166,0,0,0,0,0,0
393,M15252,M,316,313,1573,32.01,12,0,0,0,0,0,0
394,M15253,M,320,321,1512,44.37,80,0,0,0,0,0,0
395,L47574,L,297,305,1521,37.94,31,0,0,0,0,0,0
396,L47575,L,302,329,1431,33.63,136,1,0,0,0,0,0
397,L47576,L,308,329,1621,37.51,39,0,0,0,0,0,0
398,M15257,M,318,339,1518,40.19,147,1,0,0,0,0,0
399,H29812,H,312,307,1438,31.14,217,0,0,0,0,0,0
400,L47579,L,309,334,1667,34.12,218,1,0,0,0,0,0
401,L47580,L,316,338,1632,42.1,212,1,0,0,0,0,0
402,L47581,L,317,316,1417,36.89,81,0,0,0,0,0,0
403,L47582,L,296,323,1548,38.2,76,0,0,0,0,0,0
404,L47583,L,304,321,1548,36.49,207,0,0,0,0,0,0
405,L47584,L,296,314,1525,30.66,200,0,0,0,0,0,0
406,L47585,L,320,316,1637,32.49,190,0,0,0,0,0,0
407,L47586,L,311,320,1534,36.68,75,0,0,0,0,0,0
408,M15267,M,302,328,1550,33.14,171,0,0,0,0,0,0
409,M15268,M,295,323,1635,30.75,37,0,0,0,0,0,0
410,L47589,L,303,312,1623,42.65,210,0,0,0,0,0,0
411,M15270,M,305,335,1602,44.72,187,0,0,0,0,0,0
412,L47591,L,316,325,1655,41.9,70,0,0,0,0,0,0
413,L47592,L,310,321,1485,42.81,248,1,0,0,0,0,0
414,L47593,L,301,327,1549,33.63,226,1,0,0,0,0,0
415,L47594,L,304,320,1634,44.41,47,1,0,0,0,0,0
416,L47595,L,317,310,1421,32.95,17,0,0,0,0,0,0
417,L47596,L,320,312,1684,44.27,143,0,0,0,0,0,0
418,L47597,L,297,329,1668,44.92,182,1,0,0,0,0,0
419,L47598,L,312,322,1657,40.68,38,0,0,0,0,0,0
420,M15279,M,319,329,1428,44.72,195,0,0,0,0,0,0
421,M15280,M,318,316,1612,38.54,186,0,0,0,0,0,0
422,M15281,M,307,319,1682,33.89,88,0,0,0,0,0,0
423,L47602,L,320,330,1449,36.55,223,1,0,0,0,0,0
424,L47603,L,301,330,1494,38.9,61,0,0,0,0,0,0
425,L47604,L,319,336,1487,31.1,231,1,0,0,0,0,0
426,M15285,M,298,314,1443,39.34,140,0,0,0,0,0,0
427,L47606,L,307,320,1677,44.72,108,0,0,0,0,0,0
428,M15287,M,314,311,1570,32.85,80,0,0,0,0,0,0
429,M15288,M,295,321,1588,41.89,240,0,0,0,0,0,0
430,L47609,L,302,327,1583,43.62,228,1,0,0,0,0,0
431,L47610,L,308,330,1402,44.16,133,0,0,0,0,0,0
432,L47611,L,310,325,1590,44.4,210,0,0,0,0,0,0
433,M15292,M,308,326,1517,37.82,76,0,0,0,0,0,0
434,M15293,M,306,311,1418,44.66,248,0,0,0,0,0,0
435,M15294,M,313,318,1422,41.36,187,1,0,0,0,0,0
436,L47615,L,317,319,1429,32.43,89,0,0,0,0,0,0
437,L47616,L,309,311,1694,37.15,13,0,0,0,0,0,0
438,L47617,L,296,313,1507,40.77,94,0,0,0,0,0,0
439,L47618,L,296,312,1680,33.71,53,0,0,0,0,0,0
440,M15299,M,317,327,1527,39.61,131,0,0,0,0,0,0
441,L47620,L,316,333,1628,40,38,0,0,0,0,0,0
442,H29855,H,313,322,1510,32.44,71,0,0,0,0,0,0
443,L47622,L,319,335,1535,38.48,24,0,0,0,1,0,0
444,H29857,H,320,334,1585,41.57,76,1,0,0,0,0,0
445,L47624,L,316,339,1543,37.48,159,0,0,0,0,0,0
446,L47625,L,320,322,1471,30.18,186,1,0,0,0,0,0
447,L47626,L,320,321,1528,30.14,229,0,0,0,0,0,0
448,M15307,M,316,318,1660,35.36,190,1,0,0,0,0,0
449,L47628,L,311,335,1402,43.89,165,1,0,0,0,0,0
450,L47629,L,314,328,1503,33.43,119,0,0,0,0,0,0
451,M15310,M,304,339,1623,39.52,219,0,0,0,0,0,0
452,H29865,H,300,338,1409,33.33,52,1,0,0,0,0,0
453,M15312,M,309,307,1630,34.83,221,1,0,0,0,0,0
454,L47633,L,316,330,1618,42.72,194,0,0,0,0,0,0
455,L47634,L,305,327,1465,40.93,155,0,0,0,0,0,0
456,L47635,L,299,319,1511,31.43,130,0,0,0,0,0,0
457,H29870,H,295,308,1412,36.43,236,1,0,0,0,0,0
458,L47637,L,302,333,1485,30.44,245,1,0,0,0,0,0
459,L47638,L,315,326,1633,37.21,225,1,0,0,0,0,0
460,L47639,L,306,329,1489,39.94,207,0,0,0,0,0,0
461,H29874,H,306,317,1453,31.78,149,0,0,0,0,0,0
462,L47641,L,299,322,1411,34.33,95,0,0,0,0,0,0
463,L47642,L,301,337,1608,35.97,165,0,0,0,0,0,0
464,L47643,L,298,320,1413,43.79,199,0,0,0,1,0,0
465,L47644,L,300,306,1520,44.9,246,0,0,0,0,0,0
466,M15325,M,307,339,1419,30.67,71,0,0,0,0,0,0
467,L47646,L,314,338,1474,41.42,61,1,0,0,0,0,0
468,L47647,L,309,334,1642,35.58,184,0,0,0,0,0,0
469,L47648,L,297,317,1622,35.89,5,0,0,0,0,0,0
470,M15329,M,317,317,1469,41.31,205,1,0,0,0,0,0
471,H29884,H,302,322,1610,43.78,31,0,0,0,0,0,0
472,H29885,H,314,336,1500,44.26,98,0,0,0,0,0,0
473,M15332,M,310,336,1585,38.66,137,0,0,0,0,0,0
474,M15333,M,307,339,1531,35.36,130,1,0,0,0,0,0
475,L47654,L,312,333,1510,41.81,186,1,0,0,0,0,0
476,L47655,L,304,333,1531,33.77,75,0,0,0,0,0,0
477,L47656,L,313,320,1419,38.46,176,1,0,0,0,0,0
478,H29891,H,311,314,1423,35.38,58,1,0,0,0,0,0
479,L47658,L,318,334,1626,39.85,30,0,0,0,0,0,0
480,M15339,M,313,329,1553,33.61,92,0,0,0,0,0,0
481,L47660,L,320,324,1692,32.87,68,0,0,0,0,0,0
482,M15341,M,317,309,1629,43.77,189,1,0,0,0,0,0
483,L47662,L,320,305,1601,31.53,51,0,0,0,0,0,0
484,L47663,L,299,334,1437,37.59,88,1,0,0,0,0,0
485,L47664,L,320,307,1659,33.31,126,0,0,0,0,0,0
486,M15345,M,315,318,1587,30.58,168,0,0,0,0,0,0
487,M15346,M,317,334,1456,30.54,30,1,0,0,0,0,0
488,M15347,M,303,308,1419,32.63,212,1,0,0,0,0,0
489,L47668,L,306,322,1672,43,249,1,0,0,0,0,0
490,M15349,M,315,329,1518,34.24,83,0,0,0,0,0,0
491,L47670,L,295,305,1470,44.26,230,1,0,0,0,0,0
492,L47671,L,320,319,1403,38.72,126,0,0,0,0,0,0
493,L47672,L,320,313,1620,36.55,149,0,0,0,0,0,0
494,L47673,L,295,319,1413,38.7,131,0,0,0,0,0,0
495,L47674,L,309,328,1402,37.75,12,0,0,0,0,0,0
496,H29909,H,296,308,1615,41.38,44,1,0,0,0,0,0
497,M15356,M,316,316,1628,34.24,126,0,0,0,0,0,0
498,L47677,L,310,310,1585,35.3,169,0,0,0,0,0,0
499,L47678,L,319,328,1454,43.41,113,1,0,0,0,0,0
500,L47679,L,302,315,1653,44.2,176,0,0,0,0,0,0
501,M15360,M,307,317,1423,43.39,19,0,0,0,0,0,0
502,M15361,M,315,338,1561,36.29,243,0,0,0,0,0,0
503,L47682,L,295,329,1557,41.71,204,0,0,0,0,0,0
504,M15363,M,310,311,1481,37.15,80,0,0,0,0,0,0
505,M15364,M,301,308,1558,37.46,181,1,0,0,0,0,0
506,L47685,L,299,312,1587,33.07,163,0,0,0,0,0,0
507,L47686,L,316,324,1459,38.87,224,1,0,0,0,0,0
508,H29921,H,317,333,1610,32.79,128,1,0,0,0,0,0
509,L47688,L,297,314,1551,34.97,142,0,0,0,0,0,0
510,M15369,M,306,338,1508,42.83,204,1,0,0,0,0,0
511,L47690,L,320,330,1475,33.11,16,1,0,0,0,0,0
512,L47691,L,310,307,1429,31.07,151,0,0,0,0,0,0
513,L47692,L,313,310,1516,31.04,57,0,0,0,0,0,0
514,L47693,L,299,309,1591,44.11,71,0,0,0,0,0,0
515,L47694,L,316,309,1418,37.6,241,1,0,0,0,0,0
516,L47695,L,319,327,1572,36.14,218,1,0,0,0,0,0
517,L47696,L,308,313,1627,42.16,108,1,0,0,0,0,0
518,M15377,M,299,339,1582,42.54,22,1,0,0,0,0,0
519,L47698,L,309,324,1512,34.98,173,0,0,0,0,0,0
520,M15379,M,311,339,1582,40.4,71,1,0,0,0,0,0
521,L47700,L,308,322,1545,41.57,7,0,0,0,0,0,0
522,L47701,L,314,321,1515,39.82,58,0,0,0,0,0,0
523,M15382,M,299,328,1512,32.27,217,0,0,0,0,0,0
524,L47703,L,306,307,1650,43.14,110,0,0,0,0,0,0
525,L47704,L,310,336,1650,38.09,186,1,0,0,0,0,0
526,L47705,L,320,339,1517,34.24,12,0,0,0,0,0,0
527,L47706,L,320,317,1700,36.38,166,0,0,0,0,0,0
528,M15387,M,310,329,1560,30.56,228,1,0,0,0,0,0
529,M15388,M,315,313,1597,31.92,240,1,0,0,0,0,0
530,L47709,L,301,308,1659,41.48,155,0,0,0,0,0,0
531,M15390,M,298,318,1547,30,216,0,0,0,0,0,0
532,L47711,L,295,338,1639,36.25,188,1,0,0,0,0,0
533,L47712,L,299,315,1446,37.84,15,0,0,0,0,0,0
534,L47713,L,317,307,1597,30.82,118,0,0,0,0,0,0
535,L47714,L,320,332,1446,44.6,1,1,0,0,0,0,0
536,H29949,H,304,333,1477,33.39,245,1,0,0,0,0,0
537,L47716,L,316,313,1523,34.56,209,1,0,0,0,0,0
538,H29951,H,299,307,1474,34.56,144,1,0,0,0,0,0
539,M15398,M,298,329,1536,33.46,29,0,0,0,0,0,0
540,M15399,M,296,338,1489,30.02,102,0,0,0,0,0,0
541,L47720,L,314,316,1460,40.94,12,0,0,0,0,0,0
542,L47721,L,304,313,1537,44.5,95,0,0,0,0,0,0
543,L47722,L,320,319,1449,33.36,241,1,0,0,0,0,0
544,H29957,H,313,329,1658,39.95,220,1,0,0,0,0,0
545,M15404,M,320,309,1506,41.13,237,1,0,0,0,0,0
546,L47725,L,295,315,1512,42.73,93,1,0,0,0,0,0
547,L47726,L,318,338,1653,36.34,81,0,0,0,0,0,0
548,M15407,M,299,328,1517,34.54,12,0,0,0,0,0,0
549,L47728,L,307,319,1597,34.88,170,0,0,0,0,0,0
550,L47729,L,298,312,1450,40.69,212,1,0,0,0,0,0
551,L47730,L,310,309,1644,42.25,93,0,0,0,0,0,0
552,L47731,L,318,330,1434,32.72,148,1,0,0,0,0,0
553,M15412,M,310,322,1468,35.56,111,0,0,0,0,0,0
554,M15413,M,317,310,1448,43.53,54,1,0,0,0,0,0
555,H29968,H,296,317,1473,42.1,80,0,0,0,0,0,0
556,M15415,M,311,332,1591,44.77,167,0,0,0,0,0,0
557,L47736,L,314,309,1660,41.31,210,1,0,0,0,0,0
558,M15417,M,318,317,1469,35.9,115,0,0,0,0,0,0
559,L47738,L,306,321,1489,38.86,142,0,0,0,0,0,0
560,L47739,L,312,336,1659,39.92,200,1,0,0,0,0,0
561,L47740,L,297,333,1525,31.18,179,0,0,0,0,0,0
562,M15421,M,295,307,1630,38.17,201,0,0,0,0,0,0
563,L47742,L,295,338,1694,40.64,107,0,0,0,0,0,0
564,L47743,L,313,331,1528,32.51,222,1,0,0,0,0,0
565,H29978,H,305,317,1679,41.71,52,0,0,0,0,0,0
566,H29979,H,299,337,1499,38.76,214,1,0,0,0,0,0
567,M15426,M,306,310,1696,44.28,127,0,0,0,0,0,0
568,M15427,M,297,328,1581,30.64,179,0,0,0,0,0,0
569,L47748,L,295,323,1573,33.98,157,0,0,0,0,0,0
570,M15429,M,295,320,1587,39.02,160,0,0,0,0,0,0
571,L47750,L,302,332,1456,34.45,56,0,0,0,0,0,0
572,M15431,M,304,337,1430,40.72,51,0,0,0,0,0,0
573,L47752,L,305,317,1483,41.39,136,1,0,0,0,0,0
574,L47753,L,306,329,1551,31.54,181,0,0,0,0,0,0
575,M15434,M,307,340,1435,37.71,110,1,0,0,0,0,0
576,M15435,M,306,331,1612,37.63,0,0,0,0,0,0,0
577,H29990,H,308,311,1505,35.54,43,0,0,0,0,0,0
578,L47757,L,296,309,1619,43.99,226,1,0,0,0,0,0
579,L47758,L,313,335,1562,42.41,74,0,0,0,0,0,0
580,M15439,M,312,327,1619,40.46,97,0,0,0,0,0,0
581,M15440,M,297,314,1669,40.71,207,1,0,0,0,0,0
582,L47761,L,317,336,1519,36.93,8,0,0,0,0,0,0
583,L47762,L,311,334,1581,43.81,31,1,0,0,0,0,0
584,H29997,H,320,335,1505,40.42,14,1,0,0,0,0,0
585,H29998,H,302,322,1616,40.93,139,1,0,0,0,0,0
586,L47765,L,320,340,1604,42.93,224,0,0,0,0,0,0
587,L47766,L,304,306,1469,34.11,236,0,0,0,0,1,0
588,H30001,H,320,318,1443,42.11,205,0,0,0,0,0,0
589,L47768,L,296,317,1700,32.93,248,0,0,0,0,0,0
590,L47769,L,313,333,1627,35.18,184,1,0,0,0,0,0
591,L47770,L,303,316,1583,35.03,135,0,0,0,0,0,0
592,H30005,H,301,306,1506,44.68,71,0,0,0,0,0,0
593,H30006,H,298,336,1483,42.85,154,1,0,0,0,0,0
594,L47773,L,320,317,1649,40.52,189,1,0,0,0,0,0
595,H30008,H,315,331,1420,40.91,11,1,0,0,0,0,0
596,M15455,M,312,321,1595,38.43,64,0,0,0,0,0,0
597,M15456,M,307,335,1577,44.21,106,0,0,0,0,0,0
598,H30011,H,305,338,1406,37.44,231,1,0,0,0,0,0
599,L47778,L,318,328,1469,35.71,41,0,0,0,0,0,0
600,H30013,H,298,339,1526,32.45,189,1,0,0,0,0,0
601,L47780,L,319,310,1559,41.79,114,0,0,0,0,0,0
602,L47781,L,315,323,1647,41.02,138,0,0,0,0,0,0
603,L47782,L,319,334,1602,35.77,102,0,0,0,0,0,0
604,L47783,L,298,311,1547,30.38,170,0,0,0,1,0,0
605,L47784,L,304,314,1542,42.58,94,0,0,0,0,0,0
606,M15465,M,299,336,1598,30.17,16,0,0,0,0,0,0
607,L47786,L,303,338,1553,40.56,224,1,0,0,0,0,0
608,M15467,M,318,332,1541,44.55,159,1,0,0,0,0,0
609,L47788,L,297,319,1564,36.56,249,0,0,0,0,0,0
610,L47789,L,311,334,1420,33.52,220,1,0,0,0,0,0
611,L47790,L,297,333,1481,40.57,212,1,0,0,0,0,0
612,L47791,L,310,326,1468,42.26,84,0,0,0,0,0,0
613,L47792,L,298,308,1530,38.2,167,0,0,0,0,0,0
614,L47793,L,312,324,1486,44.51,150,0,0,0,0,0,0
615,M15474,M,311,336,1617,30.78,55,1,0,0,0,0,0
616,L47795,L,301,340,1560,37.57,133,1,0,0,0,0,0
617,H30030,H,318,308,1577,40.78,85,0,0,0,0,0,0
618,M15477,M,317,331,1516,42.94,177,0,0,0,0,0,0
619,H30032,H,299,321,1595,32.69,101,0,0,0,0,0,0
620,L47799,L,306,316,1485,42,164,1,0,0,0,0,0
621,M15480,M,311,326,1688,38.29,236,1,0,0,0,0,0
622,L47801,L,317,321,1480,35.95,191,1,0,0,0,0,0
623,M15482,M,307,314,1551,31.98,242,1,0,0,0,0,0
624,L47803,L,317,305,1460,42.98,53,0,0,0,0,0,0
625,H30038,H,319,326,1460,32.36,199,1,0,0,0,0,0
626,L47805,L,297,330,1427,34.65,232,0,0,0,0,0,0
627,L47806,L,303,322,1442,34.35,176,0,0,0,0,0,0
628,L47807,L,311,318,1568,43.07,226,1,0,0,0,0,0
629,M15488,M,311,333,1485,40.09,114,1,0,0,0,0,0
630,L47809,L,314,316,1576,41.95,138,1,0,0,0,0,0
631,L47810,L,310,340,1416,33.76,87,0,0,0,0,0,0
632,L47811,L,319,339,1497,39.37,48,0,0,0,0,0,0
633,H30046,H,316,316,1597,38.58,148,0,0,0,0,0,0
634,L47813,L,307,311,1497,42.49,114,0,0,0,0,0,0
635,L47814,L,313,333,1464,43.59,193,1,0,0,0,0,0
636,L47815,L,311,315,1404,30.18,62,1,0,0,0,0,0
637,L47816,L,298,337,1401,40.11,103,1,0,0,0,0,0
638,L47817,L,306,310,1421,30.78,82,0,0,0,0,0,0
639,L47818,L,303,319,1511,38.23,102,0,0,0,0,0,0
640,L47819,L,313,336,1456,34.31,155,0,0,0,0,0,0
641,M15500,M,306,315,1465,34.6,250,0,0,0,0,0,0
642,L47821,L,303,327,1497,35.29,16,0,0,0,0,0,0
643,M15502,M,301,330,1543,39.32,5,0,0,0,0,0,0
644,M15503,M,308,338,1524,35.01,146,0,0,0,0,0,0
645,H30058,H,314,338,1566,40.99,183,0,0,0,0,0,0
646,L47825,L,313,333,1485,36.07,229,1,0,0,0,0,0
647,M15506,M,320,308,1475,31.03,27,1,0,0,0,0,0
648,L47827,L,309,321,1693,41.76,193,1,0,0,0,0,0
649,H30062,H,310,339,1458,34.29,37,1,0,0,0,0,0
650,M15509,M,315,317,1537,36.49,118,0,0,0,0,0,0
651,L47830,L,299,319,1498,40.28,36,1,0,0,0,0,0
652,L47831,L,297,333,1591,34.99,114,0,0,0,0,0,0
653,L47832,L,306,333,1642,30.85,243,1,0,0,0,0,0
654,L47833,L,319,315,1448,35.61,67,0,0,0,0,0,0
655,L47834,L,314,336,1431,44.17,213,1,0,0,0,0,0
656,L47835,L,315,306,1676,39.63,217,1,0,0,0,0,0
657,M15516,M,298,318,1419,40.07,176,1,0,0,0,0,0
658,L47837,L,315,324,1553,39.48,42,0,0,0,0,0,0
659,L47838,L,317,326,1467,32.98,163,0,0,0,0,0,0
660,L47839,L,310,315,1613,36.28,57,0,0,0,0,0,0
661,M15520,M,319,331,1542,41.26,12,1,0,0,0,0,0
662,M15521,M,301,307,1631,31.52,51,0,0,0,0,0,0
663,M15522,M,307,321,1612,34.17,57,0,0,0,0,0,0
664,L47843,L,315,332,1478,34.14,31,1,0,0,0,0,0
665,L47844,L,304,333,1613,36.48,208,0,0,0,0,0,0
666,L47845,L,320,325,1515,44.71,104,0,0,0,0,0,0
667,L47846,L,301,320,1491,31.01,227,0,0,0,0,0,0
668,L47847,L,308,324,1669,37.78,246,0,0,0,0,0,0
669,L47848,L,320,310,1567,32.69,187,1,0,0,0,0,0
670,H30083,H,299,323,1457,44.56,237,1,0,0,0,0,0
671,L47850,L,297,309,1683,31.7,82,0,0,0,0,0,0
672,L47851,L,317,307,1425,36.05,185,1,0,0,0,0,0
673,M15532,M,305,305,1465,41.07,98,0,0,0,0,0,0
674,L47853,L,305,319,1647,40.57,237,0,0,0,0,0,0
675,L47854,L,312,338,1653,36.34,103,0,0,0,0,0,0
676,M15535,M,309,339,1443,35.2,183,0,0,0,0,0,0
677,H30090,H,306,329,1496,35.96,250,0,0,0,0,0,0
678,L47857,L,303,328,1441,33.96,27,0,0,0,0,0,0
679,M15538,M,304,316,1626,33.08,128,0,0,0,0,0,0
680,L47859,L,320,322,1661,37.25,169,0,0,0,0,0,0
681,M15540,M,306,319,1566,34.03,209,1,0,0,0,0,0
682,M15541,M,311,320,1678,34.31,47,0,0,0,0,0,0
683,H30096,H,300,331,1488,39.85,39,0,0,0,0,0,0
684,L47863,L,301,312,1577,44.53,96,0,0,0,0,0,0
685,L47864,L,308,329,1596,39.05,190,1,0,0,0,0,0
686,M15545,M,307,321,1666,31.15,203,1,0,0,0,0,0
687,M15546,M,302,333,1667,31.13,199,0,0,0,0,0,0
688,M15547,M,304,312,1473,44.27,215,1,0,0,0,0,0
689,H30102,H,303,319,1407,34.46,207,0,0,0,0,0,0
690,H30103,H,312,331,1696,31.38,113,1,0,0,0,0,0
691,H30104,H,320,311,1563,38.99,131,0,0,0,0,0,0
692,L47871,L,296,307,1484,39.35,165,0,0,0,0,0,0
693,L47872,L,299,333,1471,39.73,235,1,0,0,0,0,0
694,L47873,L,299,328,1454,34.01,154,0,0,0,0,0,0
695,L47874,L,300,307,1446,30.23,136,0,0,0,0,0,0
696,L47875,L,313,324,1637,44.48,110,0,0,0,0,0,0
697,M15556,M,302,319,1503,33.76,143,0,0,0,0,0,0
698,M15557,M,310,329,1609,40.14,183,0,0,0,0,0,0
699,L47878,L,307,334,1441,40.6,75,1,0,0,0,0,0
700,H30113,H,295,318,1667,39.15,30,0,0,0,0,0,0
701,M15560,M,316,311,1662,34.69,215,0,0,0,0,0,0
702,L47881,L,314,321,1658,34.07,118,0,0,0,0,0,0
703,M15562,M,311,324,1682,38.97,141,0,0,0,0,0,0
704,H30117,H,301,340,1513,42.99,236,1,0,0,0,0,0
705,L47884,L,319,313,1439,44.2,24,1,0,0,0,0,0
706,L47885,L,307,326,1619,31.59,33,0,0,0,0,0,0
707,M15566,M,298,306,1528,32.32,66,0,0,0,0,0,0
708,L47887,L,298,328,1407,44.17,249,1,0,0,0,0,0
709,M15568,M,300,312,1500,41.05,151,0,0,0,0,0,0
710,M15569,M,313,315,1575,43.24,117,0,0,0,0,0,0
711,M15570,M,306,317,1506,33.04,233,0,0,0,0,0,0
712,L47891,L,316,321,1500,38.81,72,0,0,0,0,0,0
713,L47892,L,301,312,1659,40.52,25,0,0,0,0,0,0
714,L47893,L,304,325,1645,40.2,147,0,0,0,0,0,0
715,L47894,L,320,322,1674,36.12,191,1,0,0,0,0,0
716,L47895,L,313,334,1431,30.23,103,1,0,0,0,0,0
717,H30130,H,301,322,1536,38.74,9,0,0,0,0,0,0
718,L47897,L,297,335,1411,33.8,210,1,0,0,0,0,0
719,L47898,L,307,336,1415,36.75,66,0,0,0,0,0,0
720,L47899,L,307,315,1528,44.36,151,0,0,0,0,0,0
721,L47900,L,312,329,1462,35.99,4,0,0,0,0,0,0
722,L47901,L,320,337,1508,42.6,194,1,0,0,0,0,0
723,L47902,L,314,312,1420,32.83,185,0,0,0,0,0,0
724,M15583,M,302,315,1557,40.09,26,0,0,0,0,0,0
725,L47904,L,303,326,1668,44.66,207,1,0,0,0,0,0
726,L47905,L,301,328,1561,31.53,112,0,0,0,0,0,0
727,M15586,M,295,321,1659,30.12,14,0,0,0,0,0,0
728,H30141,H,297,316,1501,36.5,162,0,0,0,0,0,0
729,M15588,M,307,336,1622,31.39,203,1,0,0,0,0,0
730,L47909,L,319,319,1458,41.23,104,0,0,0,0,0,0
731,M15590,M,311,320,1646,43.72,180,1,0,0,0,0,0
732,M15591,M,319,326,1527,36.51,43,0,0,0,0,0,0
733,L47912,L,318,332,1682,33.88,25,0,0,0,0,0,0
734,M15593,M,295,324,1424,36.52,174,0,0,0,0,0,0
735,H30148,H,300,337,1530,40.85,161,0,0,0,0,0,0
736,L47915,L,315,314,1595,30.14,214,0,0,0,0,0,0
737,L47916,L,300,336,1680,38.84,94,0,0,0,0,0,0
738,H30151,H,320,337,1553,39.2,177,0,0,0,0,0,0
739,L47918,L,306,306,1532,39.57,83,0,0,0,0,0,0
740,L47919,L,307,337,1626,33.63,139,1,0,0,0,0,0
741,M15600,M,307,337,1588,40.71,214,1,0,0,0,0,0
742,L47921,L,309,317,1664,31.37,131,0,0,0,0,0,0
743,L47922,L,315,334,1533,32.99,86,0,0,0,0,0,0
744,L47923,L,310,337,1610,43.16,175,1,0,0,0,0,0
745,L47924,L,316,317,1459,41.08,182,1,0,0,0,0,0
746,L47925,L,315,330,1612,30.21,111,0,0,0,0,0,0
747,L47926,L,305,326,1615,33.73,128,0,0,0,0,1,0
748,L47927,L,299,306,1625,33.22,245,1,0,0,0,0,0
749,H30162,H,298,330,1530,34.06,88,0,0,0,0,0,0
750,L47929,L,297,319,1475,33.71,65,0,0,0,0,0,0
751,L47930,L,313,338,1685,30.94,157,0,0,0,0,0,0
752,M15611,M,314,315,1676,36.88,130,0,0,0,0,0,0
753,L47932,L,319,307,1555,40.99,121,0,0,0,0,0,0
754,L47933,L,312,310,1647,39.1,148,0,0,0,0,0,0
755,M15614,M,309,313,1617,40.09,216,0,0,0,0,0,0
756,H30169,H,303,310,1589,31.22,83,0,0,0,0,0,0
757,L47936,L,311,313,1562,44.27,176,0,0,0,0,0,0
758,L47937,L,308,335,1579,42.58,115,0,0,0,0,0,0
759,L47938,L,309,336,1433,42.08,213,1,0,0,0,0,0
760,M15619,M,295,316,1440,42.34,212,0,0,0,0,0,0
761,L47940,L,315,312,1474,43.99,189,1,0,0,0,0,0
762,L47941,L,316,312,1678,38.16,224,0,0,0,0,0,0
763,M15622,M,316,332,1575,33,115,0,0,0,0,0,0
764,L47943,L,297,324,1549,39.25,37,0,0,0,0,0,0
765,L47944,L,310,311,1672,41.14,142,0,0,0,0,0,0
766,L47945,L,317,315,1507,41.07,249,0,0,0,0,0,0
767,L47946,L,319,324,1538,37.82,249,1,0,0,0,0,0
768,L47947,L,305,320,1670,31.03,109,0,0,0,0,0,0
769,L47948,L,306,308,1688,35.57,179,0,0,0,0,0,0
770,L47949,L,304,310,1611,43.81,206,1,0,0,0,0,0
771,L47950,L,310,326,1671,38.77,45,0,0,0,0,0,0
772,H30185,H,302,330,1465,38.07,24,0,0,0,0,0,0
773,H30186,H,300,307,1647,34.03,20,0,0,0,0,0,0
774,L47953,L,306,318,1555,35.53,215,0,0,0,0,0,0
775,L47954,L,318,315,1446,43.43,120,0,0,0,0,0,0
776,L47955,L,315,322,1600,40,121,0,0,0,0,0,0
777,L47956,L,302,316,1547,41.81,132,0,0,0,0,0,0
778,L47957,L,320,327,1523,36.82,69,0,0,0,0,0,0
779,L47958,L,298,316,1400,39.45,112,0,0,0,0,0,0
780,L47959,L,320,317,1646,33.73,106,0,0,0,0,0,0
781,M15640,M,302,329,1527,40.58,111,0,0,0,0,0,0
782,L47961,L,320,323,1590,36.41,107,0,0,0,0,0,0
783,L47962,L,312,340,1466,36.64,46,0,0,0,0,0,0
784,H30197,H,299,312,1403,39.74,214,1,0,0,0,0,0
785,L47964,L,303,333,1693,44.04,195,0,0,0,0,0,0
786,M15645,M,298,336,1542,30.96,90,0,0,0,0,0,0
787,L47966,L,316,322,1590,42.37,17,0,0,0,0,0,0
788,L47967,L,311,310,1420,34.39,148,0,0,0,0,0,0
789,M15648,M,303,322,1626,36.66,219,0,0,0,0,0,0
790,M15649,M,295,323,1516,30.33,226,0,0,0,0,0,0
791,L47970,L,315,326,1541,34.52,213,1,0,0,0,0,0
792,L47971,L,314,336,1438,37.54,103,1,0,0,0,0,0
793,L47972,L,307,307,1651,30.84,150,0,0,0,0,0,0
794,M15653,M,310,332,1606,37.37,191,1,0,0,0,0,0
795,H30208,H,307,314,1609,43.91,194,0,0,0,0,0,0
796,L47975,L,308,339,1514,31.58,39,0,0,0,0,0,0
797,M15656,M,297,333,1624,41.47,241,1,0,0,0,0,0
798,L47977,L,300,319,1533,36.15,137,0,0,0,0,0,0
799,M15658,M,312,337,1650,39.83,88,1,0,0,0,0,0
800,M15659,M,313,311,1618,33.9,179,0,0,0,0,0,0
801,M15660,M,299,316,1490,32.39,240,1,0,0,0,0,0
802,L47981,L,309,334,1445,32.41,199,1,0,0,0,0,0
803,L47982,L,319,325,1437,31.06,246,1,0,0,0,0,0
804,H30217,H,296,335,1541,32.78,202,1,0,0,0,0,0
805,M15664,M,304,328,1499,39.96,60,1,0,0,0,0,0
806,M15665,M,318,324,1589,43.23,191,0,0,0,0,0,0
807,M15666,M,312,308,1434,42.21,4,0,0,0,0,0,0
808,L47987,L,307,332,1546,40.28,121,1,0,0,0,0,0
809,L47988,L,299,324,1429,31.66,236,1,0,0,0,0,0
810,L47989,L,317,328,1483,34.34,180,0,0,0,0,0,0
811,L47990,L,318,336,1680,34.65,54,0,0,0,0,0,0
812,L47991,L,295,340,1669,33.75,36,0,0,0,0,0,0
813,L47992,L,316,338,1553,37.73,55,0,0,0,0,0,0
814,L47993,L,295,340,1501,38.03,186,1,0,0,0,0,0
815,M15674,M,312,306,1614,35.35,236,0,0,0,0,0,0
816,M15675,M,309,319,1549,35.31,101,0,0,0,0,0,0
817,L47996,L,311,338,1482,42.43,92,0,0,0,0,0,0
818,L47997,L,305,340,1509,41.84,196,1,0,0,0,0,0
819,L47998,L,315,310,1674,34.62,72,0,0,0,0,0,0
820,L47999,L,320,316,1600,43.71,58,0,0,0,0,0,0
821,L48000,L,319,307,1683,44.29,239,0,0,0,0,0,0
822,L48001,L,316,322,1572,34.9,1,0,0,0,0,0,0
823,M15682,M,311,325,1605,35.32,192,0,0,0,0,0,0
824,M15683,M,307,319,1462,37.58,103,0,0,0,0,0,0
825,L48004,L,295,337,1472,44.12,187,1,0,0,0,0,0
826,L48005,L,296,339,1650,43.14,50,0,0,0,0,0,0
827,L48006,L,303,330,1523,31.54,29,0,0,0,0,0,0
828,L48007,L,297,312,1520,35.89,10,0,0,0,0,0,0
829,L48008,L,295,340,1674,38.3,219,1,0,0,0,0,0
830,L48009,L,315,334,1519,37.55,107,1,0,0,0,0,0
831,L48010,L,310,327,1563,32.91,75,0,0,0,0,0,0
832,M15691,M,317,318,1685,42.88,166,0,0,0,0,0,0
833,L48012,L,300,318,1664,40.15,89,0,0,0,0,0,0
834,L48013,L,311,306,1560,42.57,204,0,0,0,0,0,0
835,H30248,H,299,309,1488,42.88,122,0,0,0,0,0,0
836,M15695,M,299,318,1541,41.23,199,1,0,0,0,0,0
837,L48016,L,300,329,1602,36.59,190,0,0,0,0,0,0
838,L48017,L,297,324,1626,39.16,191,0,0,0,0,0,0
839,H30252,H,315,306,1621,32.41,188,1,0,0,0,0,0
840,M15699,M,317,310,1440,40.1,124,1,0,0,0,0,0
841,L48020,L,299,321,1595,32.69,181,0,0,0,0,0,0
842,L48021,L,315,329,1467,40.41,219,1,0,0,0,0,0
843,M15702,M,299,332,1663,33.44,121,1,0,0,0,0,0
844,L48023,L,304,306,1401,31.76,93,0,0,0,0,0,0
845,L48024,L,304,339,1524,32.48,200,0,0,0,0,0,0
846,L48025,L,313,309,1509,30.03,102,0,0,0,0,0,0
847,M15706,M,311,305,1485,40.78,222,1,0,0,0,0,0
848,L48027,L,315,316,1519,40.99,185,1,0,0,1,0,0
849,L48028,L,308,340,1526,37.72,212,1,0,0,0,0,0
850,H30263,H,303,327,1654,32.42,183,0,0,0,0,0,0
851,L48030,L,308,335,1582,31.25,238,0,0,0,0,0,0
852,M15711,M,295,315,1415,30.29,161,0,0,0,0,0,0
853,M15712,M,313,314,1461,32.49,246,1,0,0,0,0,0
854,L48033,L,307,307,1557,43.36,30,0,0,0,0,0,0
855,M15714,M,307,318,1667,33.62,51,0,0,0,0,0,0
856,L48035,L,298,320,1434,35.31,88,0,0,0,0,0,0
857,L48036,L,295,314,1666,31.58,75,0,0,0,0,0,0
858,M15717,M,311,333,1463,33.34,128,0,0,0,0,0,0
859,M15718,M,302,314,1449,37.79,182,1,0,0,0,0,0
860,H30273,H,296,316,1654,39.12,21,0,0,0,0,0,0
861,H30274,H,302,334,1548,33.68,39,0,0,0,0,0,0
862,M15721,M,301,305,1675,30.87,100,0,0,0,0,0,0
863,H30276,H,320,309,1571,35.87,110,0,0,0,0,0,0
864,L48043,L,320,324,1600,33.51,128,0,0,0,0,0,0
865,M15724,M,296,312,1434,33.29,64,1,0,0,0,0,0
866,L48045,L,316,316,1615,44.4,248,1,0,0,0,0,0
867,L48046,L,316,305,1464,39.24,190,0,0,0,0,0,0
868,H30281,H,297,324,1407,38.35,233,1,0,0,0,0,0
869,M15728,M,312,332,1700,36.24,181,1,0,0,0,0,0
870,L48049,L,306,316,1475,36.43,169,0,0,0,0,0,0
871,L48050,L,295,332,1573,38.11,148,0,0,0,0,0,0
872,L48051,L,316,319,1446,40.45,78,0,0,0,0,0,0
873,M15732,M,306,310,1414,40.53,208,0,0,0,0,0,0
874,L48053,L,299,324,1546,32.58,21,0,0,0,0,0,0
875,L48054,L,319,318,1425,37.5,165,0,0,0,0,0,0
876,M15735,M,311,306,1492,36.18,98,0,0,0,0,0,0
877,L48056,L,310,313,1631,43.06,236,0,0,0,0,0,0
878,M15737,M,309,324,1420,39.47,207,1,0,0,0,0,0
879,M15738,M,317,330,1437,37.99,7,0,0,0,0,0,0
880,L48059,L,309,333,1675,31.73,189,0,0,0,0,0,0
881,M15740,M,299,305,1556,39.08,174,0,0,0,1,0,0
882,L48061,L,315,339,1578,31.76,16,0,0,0,0,0,0
883,M15742,M,308,310,1531,35.06,16,0,0,0,0,0,0
884,L48063,L,296,309,1427,32.14,245,0,0,0,0,0,0
885,L48064,L,305,337,1659,40.38,89,1,0,0,0,0,0
886,L48065,L,313,318,1475,33.09,140,0,0,0,0,0,0
887,L48066,L,301,316,1466,35.88,144,0,0,0,0,0,0
888,H30301,H,300,324,1593,43.44,165,1,0,0,0,0,0
889,M15748,M,296,328,1561,33.06,80,0,0,0,0,0,0
890,L48069,L,300,338,1656,37.62,239,1,0,0,0,0,0
891,L48070,L,312,329,1471,36.29,77,0,0,0,0,0,0
892,L48071,L,296,333,1486,30.27,172,1,0,0,0,0,0
893,L48072,L,312,335,1661,41.89,5,0,0,0,0,0,0
894,M15753,M,309,327,1613,31.04,162,0,0,0,0,0,0
895,L48074,L,313,324,1552,37.11,109,0,0,0,0,0,0
896,M15755,M,296,327,1609,38.41,13,0,0,0,0,0,0
897,L48076,L,314,320,1460,39.43,238,1,0,0,0,0,0
898,L48077,L,319,312,1667,40.33,71,1,0,0,0,0,0
899,L48078,L,300,325,1661,33.8,188,1,0,0,0,0,0
900,H30313,H,295,305,1617,30.15,142,0,0,0,0,0,0
901,L48080,L,318,312,1682,40.85,53,0,0,0,0,0,0
902,H30315,H,309,333,1535,38.03,26,0,0,0,0,0,0
903,L48082,L,317,336,1492,42.54,12,1,0,0,0,0,0
904,L48083,L,304,309,1508,42.32,240,0,0,0,1,0,0
905,H30318,H,313,326,1640,42.65,158,0,0,0,0,0,0
906,L48085,L,311,338,1541,37.28,244,1,0,0,0,0,0
907,M15766,M,299,305,1690,35,247,0,0,0,0,0,0
908,M15767,M,298,330,1636,41.87,162,1,0,0,0,0,0
909,M15768,M,304,314,1576,36.77,59,0,0,0,0,0,0
910,L48089,L,318,334,1540,32.75,5,1,0,0,0,0,0
911,L48090,L,311,322,1588,42.82,196,1,0,0,0,0,0
912,M15771,M,304,321,1448,43.24,213,1,0,0,0,0,0
913,L48092,L,311,330,1589,36.99,57,0,0,0,0,0,0
914,L48093,L,314,312,1535,31.14,48,0,0,0,0,0,0
915,M15774,M,318,316,1442,35.82,150,0,0,0,0,0,0
916,M15775,M,299,331,1489,42.05,216,1,0,0,0,0,0
917,M15776,M,296,312,1694,43.53,161,0,0,0,0,0,0
918,L48097,L,300,329,1644,33.05,25,0,0,0,0,0,0
919,M15778,M,315,308,1591,31,46,0,0,0,0,0,0
920,L48099,L,296,337,1505,43.16,4,0,0,0,0,0,0
921,M15780,M,307,305,1632,35.84,217,1,0,0,0,0,0
922,H30335,H,305,323,1664,38.13,19,0,0,0,0,0,0
923,M15782,M,305,335,1436,44.52,133,1,0,0,0,0,0
924,M15783,M,310,320,1440,31,197,1,0,0,0,0,0
925,L48104,L,305,318,1416,39.72,58,0,0,0,0,0,0
926,H30339,H,313,309,1676,31.11,191,1,0,0,0,0,0
927,L48106,L,309,330,1458,35.63,241,0,0,0,0,1,0
928,H30341,H,319,332,1582,42.06,145,1,0,0,0,0,0
929,L48108,L,317,306,1440,36.5,131,0,0,0,0,0,0
930,L48109,L,317,310,1438,44.96,16,1,0,0,0,0,0
931,M15790,M,310,313,1591,38.39,248,0,0,0,0,0,0
932,L48111,L,305,337,1666,34.82,13,0,0,0,0,0,0
933,L48112,L,316,329,1546,33.3,205,0,0,0,0,0,0
934,L48113,L,310,317,1526,35.26,12,0,0,0,0,0,0
935,M15794,M,302,313,1445,35.59,134,0,0,0,0,0,0
936,M15795,M,298,317,1444,31.03,127,0,0,0,0,0,0
937,M15796,M,302,335,1400,35.54,43,1,0,0,0,0,0
938,L48117,L,298,315,1567,36.96,118,0,0,0,0,0,0
939,L48118,L,318,308,1507,40.84,142,0,0,0,0,0,0
940,L48119,L,319,338,1418,39.85,18,1,0,0,0,0,0
941,L48120,L,297,308,1471,40.63,62,1,0,0,0,0,0
942,L48121,L,297,323,1508,30.13,234,0,0,0,0,0,0
943,M15802,M,312,310,1667,33.27,238,1,0,0,0,0,0
944,M15803,M,320,338,1639,39.93,235,0,0,0,0,0,0
945,M15804,M,313,322,1700,37.26,162,0,0,0,0,0,0
946,M15805,M,313,317,1489,30.08,80,0,0,0,0,0,0
947,L48126,L,315,327,1502,42.07,162,0,0,0,0,0,0
948,L48127,L,299,323,1649,41.59,146,0,0,0,0,0,0
949,M15808,M,312,315,1407,38.23,147,0,0,0,0,0,0
950,L48129,L,304,305,1552,31,99,0,0,0,0,0,0
951,L48130,L,316,328,1573,41.5,162,1,0,0,0,0,0
952,H30365,H,315,311,1557,38.76,159,0,0,0,0,0,0
953,L48132,L,300,329,1614,41.73,121,1,0,0,0,0,0
954,L48133,L,295,325,1576,41.28,175,0,0,0,0,0,0
955,H30368,H,299,319,1574,42.05,43,0,0,0,0,0,0
956,L48135,L,303,305,1545,37.77,103,0,0,0,0,0,0
957,H30370,H,306,316,1560,32.1,151,0,0,0,0,0,0
958,M15817,M,320,311,1526,40.07,60,0,0,0,0,0,0
959,L48138,L,308,319,1481,39.31,124,0,0,0,0,0,0
960,L48139,L,296,325,1546,41.13,144,0,0,0,0,0,0
961,L48140,L,311,323,1638,32.55,70,0,0,0,0,0,0
962,L48141,L,308,333,1483,32.92,106,1,0,0,0,0,0
963,M15822,M,320,329,1512,43.36,49,0,0,0,0,0,0
964,L48143,L,307,337,1624,41.25,64,0,0,0,0,0,0
965,L48144,L,303,336,1642,43.62,98,1,0,0,0,0,0
966,L48145,L,320,339,1542,41.38,31,0,0,0,0,0,0
967,M15826,M,319,330,1440,38.96,163,1,0,0,0,0,0
968,M15827,M,309,315,1657,39.81,140,0,0,0,0,0,0
969,L48148,L,319,339,1684,43.34,197,1,0,0,0,0,0
970,L48149,L,316,312,1504,38.68,57,0,0,0,0,0,0
971,L48150,L,309,318,1601,39.49,127,0,0,0,0,0,0
972,L48151,L,318,314,1665,32.35,141,0,0,0,0,0,0
973,L48152,L,305,306,1609,37.11,164,0,0,0,0,0,0
974,L48153,L,310,313,1450,40.75,111,1,0,0,0,0,0
975,L48154,L,311,307,1517,34.06,206,0,0,0,0,0,0
976,M15835,M,320,325,1600,33.03,238,0,0,0,0,0,0
977,M15836,M,298,330,1438,34.71,67,0,0,0,0,0,0
978,L48157,L,295,312,1427,33.62,39,0,0,0,0,0,0
979,M15838,M,302,306,1658,33.22,186,0,0,0,0,0,0
980,L48159,L,311,310,1483,36.37,207,1,0,0,0,0,0
981,L48160,L,297,332,1554,43.62,219,1,0,0,0,0,0
982,L48161,L,314,333,1516,37.61,143,0,0,0,0,0,0
983,L48162,L,309,330,1401,32.82,189,0,0,0,0,0,0
984,L48163,L,309,329,1492,31.15,131,0,0,0,0,0,0
985,L48164,L,318,316,1565,40.44,172,1,0,0,0,0,0
986,L48165,L,316,309,1695,35.74,89,0,0,0,0,0,0
987,H30400,H,308,338,1657,42.33,27,0,0,0,0,0,0
988,M15847,M,320,319,1480,39.89,95,0,0,0,0,0,0
989,H30402,H,317,340,1667,41.94,236,1,0,0,0,0,0
990,M15849,M,308,319,1634,34.08,193,1,0,0,0,0,0
991,L48170,L,318,327,1700,40.39,30,0,0,0,0,0,0
992,M15851,M,296,310,1612,33.96,2,0,0,0,0,0,0
993,L48172,L,307,325,1461,44.09,245,1,0,0,0,0,0
994,M15853,M,320,327,1448,39.55,135,0,0,0,0,0,0
995,M15854,M,308,320,1526,34.87,23,0,0,0,0,0,0
996,L48175,L,318,319,1622,34.04,14,0,0,0,0,0,0
997,M15856,M,313,329,1678,32.86,170,0,0,0,0,0,0
998,M15857,M,301,340,1693,40.42,158,1,0,0,0,0,0
999,M15858,M,297,315,1683,33.28,200,0,0,0,0,0,0
1000,L48179,L,309,319,1676,38.93,230,0,,,,,
